rank,wallet_address,username,score,win_rate,wins,losses,unique_markets,pnl_all,pnl_month,pnl_week,volume_all,pnl_vol_ratio,portfolio_value,open_positions,closed_positions,avg_position_value,concentration_pct,leaderboard_rank,polymarket_profile_url
1,0x7f9e2d1df78614564a70becc7fa14aa9a6623a0e,nojnn,96.17,68.29,28,13,87,239071.88,42157.48,25052.58,2114258.5,0.1131,396116.18,49,41,8084.0,36.08,512,https://polymarket.com/profile/0x7f9e2d1df78614564a70becc7fa14aa9a6623a0e
2,0xeac496091d7eec31b2f9be820a142da2dabfc1dd,0xeac496091d7eec31b2f9be820a142da2dabfc1dd,94.67,66.67,2,1,7,203361.8,202035.9,152664.86,1995335.24,0.1019,0.01,4,3,0.0,0,611,https://polymarket.com/profile/0xeac496091d7eec31b2f9be820a142da2dabfc1dd
3,0x73f8dd50a114884493dbf4a5ea1503f96f348234,DrillBabyDrill,92.5,70.0,7,3,10,749351.71,19969.89,16346.73,2780304.85,0.2695,0.06,0,10,0,0,151,https://polymarket.com/profile/0x73f8dd50a114884493dbf4a5ea1503f96f348234
4,0x88c4919de76e526d55a32c1f8afb439dd1f1129a,8934394839,91.07,71.43,30,12,80,496894.09,11577.38,-9362.27,3241901.98,0.1533,450948.36,44,42,10248.83,27.41,246,https://polymarket.com/profile/0x88c4919de76e526d55a32c1f8afb439dd1f1129a
5,0xc29e1cef4256f423e5a3e713d886bd25f98da2ca,shutitfatty,87.9,72.0,36,14,50,413339.27,33360.92,-6168.97,4752297.11,0.087,0.03,1,50,0.0,0,299,https://polymarket.com/profile/0xc29e1cef4256f423e5a3e713d886bd25f98da2ca
6,0xf6ea56fa38789d4552b8e8a4d11d7f464e6e3ea8,NicholasWickerson,85.68,65.96,31,16,71,244336.01,37322.76,33634.56,2837988.96,0.0861,123081.89,26,47,4733.92,74.8,499,https://polymarket.com/profile/0xf6ea56fa38789d4552b8e8a4d11d7f464e6e3ea8
7,0x25e28169faea17421fcd4cc361f6436d1e449a09,xdd07070,85,85.11,40,7,47,137199.67,14588.16,11828.16,1083454.71,0.1266,0.05,0,47,0,0,858,https://polymarket.com/profile/0x25e28169faea17421fcd4cc361f6436d1e449a09
8,0xf98dec26318d00d7863746d6aa2347691ee37adb,0xf98DEc26318D00d7863746D6Aa2347691EE37ADb-1765930953808,84.17,66.67,8,4,14,319286.07,0,0,2607254.82,0.1225,0.0,2,12,0.0,0,383,https://polymarket.com/profile/0xf98dec26318d00d7863746d6aa2347691ee37adb
9,0xecce62c703daa9729f54d23ae26c5a194ab2fdb4,schweinerschinkler,83.75,68.75,11,5,19,140899.11,0,0,591096.76,0.2384,0.09,3,16,0.0,0,842,https://polymarket.com/profile/0xecce62c703daa9729f54d23ae26c5a194ab2fdb4
10,0x9ec7da81a2da3d47a47dd281b1ecf2cf2b3a35c0,gaba4,83.6,88.89,16,2,24,339700.17,12861.75,4274.87,1568318.66,0.2166,440032.33,7,18,62861.75,42.8,362,https://polymarket.com/profile/0x9ec7da81a2da3d47a47dd281b1ecf2cf2b3a35c0
11,0xe29a7c2d90ec210dd675a8b0ede61d95f57d6073,LoveJesus,82.5,70.0,7,3,12,113490.58,0,0,287518.24,0.3947,0.01,3,10,0.0,0,1013,https://polymarket.com/profile/0xe29a7c2d90ec210dd675a8b0ede61d95f57d6073
12,0xe9b80c387ba77a585423b13c850c2e126c3befd8,Mrs.Joker,80.5,72.0,18,7,40,122911.22,0,0,652777.85,0.1883,0.02,17,25,0.0,0,938,https://polymarket.com/profile/0xe9b80c387ba77a585423b13c850c2e126c3befd8
13,0x6a57d263cd7c8eba88b857edeb7103851f012afa,0x6a57D263cD7c8EbA88b857eDEB7103851F012AFa-1771530065496,80.05,58.0,29,21,51,628593.72,211505.43,224509.44,5450592.3,0.1153,93601.96,1,50,93601.96,100.0,184,https://polymarket.com/profile/0x6a57d263cd7c8eba88b857edeb7103851f012afa
14,0xcc553b67cfa321f74c56515727ebe16dcb137cb3,hai15617,79.77,72.73,16,6,43,346301.27,0,0,2543754.13,0.1361,0.0,27,22,0.0,0,356,https://polymarket.com/profile/0xcc553b67cfa321f74c56515727ebe16dcb137cb3
15,0xa7b38015ffb0f3fe69e3a71d904ff9f3452892f8,0xA7B38015ffB0f3Fe69E3A71D904ff9F3452892F8-1742507298572,79.77,72.73,8,3,12,208280.85,0,0,1729279.85,0.1204,0.0,1,11,0.0,0,601,https://polymarket.com/profile/0xa7b38015ffb0f3fe69e3a71d904ff9f3452892f8
16,0x1ef153afde69f29e7803cafef81a577b8b103713,daepart87,79.77,72.73,8,3,16,212059.92,0,0,1834326.31,0.1156,0.01,5,11,0.0,0,588,https://polymarket.com/profile/0x1ef153afde69f29e7803cafef81a577b8b103713
17,0xc6b6ffce6c52b6fdf4bad57de303939f19ab13ac,RealityTwister,79.45,78.0,39,11,50,649521.53,158602.23,194783.49,5049877.02,0.1286,705.06,2,50,352.53,100.0,177,https://polymarket.com/profile/0xc6b6ffce6c52b6fdf4bad57de303939f19ab13ac
18,0x37d10ffb61998561c5f9fb941c42c952d8fb4e28,flydartball,78.43,74.07,20,7,37,839293.05,18850.76,0,4416321.12,0.19,30984.87,11,27,2816.81,100.0,128,https://polymarket.com/profile/0x37d10ffb61998561c5f9fb941c42c952d8fb4e28
19,0x3f2bebc298d6aac47c5ad5d49ac7d363c68727a9,razz,78.07,71.43,5,2,8,389837.17,0,0,1643499.4,0.2372,0.0,1,7,0.0,0,322,https://polymarket.com/profile/0x3f2bebc298d6aac47c5ad5d49ac7d363c68727a9
20,0x145c5dad6033a1de0930dc1ec9ae107fc61f43bc,0x145c5DaD6033A1de0930DC1EC9aE107Fc61f43bC-1760209520925,78.0,68.0,34,16,50,1029652.72,0,0,6498119.8,0.1585,0.0,0,50,0,0,91,https://polymarket.com/profile/0x145c5dad6033a1de0930dc1ec9ae107fc61f43bc
21,0xafe905140163f87cd2e20229be796677a66c1113,Don22,77.5,75.0,9,3,12,279291.63,0,0,970783.7,0.2877,0.0,1,12,0.0,0,436,https://polymarket.com/profile/0xafe905140163f87cd2e20229be796677a66c1113
22,0xa5e83423126dbc6cdb34f10f37f5d27668ab95f5,haidcks116,77.27,74.0,37,13,68,129645.39,0,0,1381127.07,0.0939,0.0,32,50,0.0,0,904,https://polymarket.com/profile/0xa5e83423126dbc6cdb34f10f37f5d27668ab95f5
23,0xae557afb33fdc52d0a15624d3db078983b110f4b,shaynehelpme,76.57,71.43,5,2,7,128940.77,0,0,1081630.17,0.1192,0.0,1,7,0.0,0,908,https://polymarket.com/profile/0xae557afb33fdc52d0a15624d3db078983b110f4b
24,0x1b62145861bb7afbd2944489fb6b592fc6d37b52,paperliss,76.32,58.82,10,7,15,115063.28,0,0,168920.22,0.6812,0.01,1,17,0.0,0,1001,https://polymarket.com/profile/0x1b62145861bb7afbd2944489fb6b592fc6d37b52
25,0x2057241a70ae3db9f3a91e8fd4fddee058f53405,th169,76.31,76.19,16,5,37,191967.54,0,0,1107937.34,0.1733,0.0,21,21,0.0,0,643,https://polymarket.com/profile/0x2057241a70ae3db9f3a91e8fd4fddee058f53405
26,0x607fec58640fcea5cb837adb09d658747720592c,whopperlover,76.07,71.43,10,4,14,427111.84,0,0,1196984.35,0.3568,0.03,0,14,0,0,286,https://polymarket.com/profile/0x607fec58640fcea5cb837adb09d658747720592c
27,0x38973f5b3abbbcbed16ee15c2baa5a3f16b843ab,wangqian51,75,81.82,9,2,14,121585.63,0,0,284535.95,0.4273,0.0,5,11,0.0,0,954,https://polymarket.com/profile/0x38973f5b3abbbcbed16ee15c2baa5a3f16b843ab
28,0xdef926a087f91086267153f75d82809fa7462d16,purplethree9445,75,88.24,15,2,28,190753.66,0,0,551178.3,0.3461,0.0,12,17,0.0,0,647,https://polymarket.com/profile/0xdef926a087f91086267153f75d82809fa7462d16
29,0x44de2a52d8d2d3ddcf39d58e315a10df53ba9c08,BlueHorseshoe86,75,88.89,8,1,14,249564.73,0,0,1130260.48,0.2208,0.02,6,9,0.0,0,485,https://polymarket.com/profile/0x44de2a52d8d2d3ddcf39d58e315a10df53ba9c08
30,0x68469ab9009f2783e243a1d0957f4cdd8939b797,jokerfucker,75,84.38,27,5,33,353458.24,0,0,1934121.93,0.1827,0.09,1,32,0.0,0,350,https://polymarket.com/profile/0x68469ab9009f2783e243a1d0957f4cdd8939b797
31,0x588c313ff437c8ef19b9fc47195d9d7cefc8698a,DefaultUser,75,86.0,43,7,50,139803.22,0,0,873802.03,0.16,0.0,1,50,0.0,0,845,https://polymarket.com/profile/0x588c313ff437c8ef19b9fc47195d9d7cefc8698a
32,0x49adba6092a3288ef0ae2e5d5d1e77e69331f71a,ketman,75,54.55,6,5,17,160189.53,29002.43,17514.74,1317222.17,0.1216,549032.5,6,11,91505.41,71.53,762,https://polymarket.com/profile/0x49adba6092a3288ef0ae2e5d5d1e77e69331f71a
33,0xc1c9269e2fb298be48a6842eb4c1a3b5f3b696d9,VerticalBar,75,84.0,42,8,67,229831.77,0,0,1988707.7,0.1156,0.0,17,50,0.0,0,542,https://polymarket.com/profile/0xc1c9269e2fb298be48a6842eb4c1a3b5f3b696d9
34,0x6b88b6a431c5ec9b3afdb76e69393d0404909856,sweetspea,74.72,77.78,7,2,11,365183.3,0,0,1709339.26,0.2136,0.0,2,9,0.0,0,336,https://polymarket.com/profile/0x6b88b6a431c5ec9b3afdb76e69393d0404909856
35,0xb96903067a7129d14931c5a7e82b1a7c8a3c66a1,0xB96903067A7129D14931c5A7E82B1A7c8A3c66a1-1770840142269,74.5,62.0,31,19,45,115207.62,0,0,459082.68,0.251,0.0,0,50,0,0,999,https://polymarket.com/profile/0xb96903067a7129d14931c5a7e82b1a7c8a3c66a1
36,0xbcd6358b674834ec8101c238ec0d52540f0c0790,inducedchance,74.17,66.67,4,2,11,376951.62,0,0,1541695.52,0.2445,140.0,5,6,28.0,71.43,330,https://polymarket.com/profile/0xbcd6358b674834ec8101c238ec0d52540f0c0790
37,0xd830027529b0baca2a52fd8a4dee43d366a9a592,LDSIADAS,74.02,56.52,13,10,19,248778.01,0,0,674930.1,0.3686,0.0,1,23,0.0,0,490,https://polymarket.com/profile/0xd830027529b0baca2a52fd8a4dee43d366a9a592
38,0xd2c5d404493dc772fde0990a61e64ef1120079a0,row888,73.34,88.89,8,1,13,1081892.3,0,0,6660654.13,0.1624,0.0,5,9,0.0,0,86,https://polymarket.com/profile/0xd2c5d404493dc772fde0990a61e64ef1120079a0
39,0x8c80d213c0cbad777d06ee3f58f6ca4bc03102c3,SecondWindCapital,73.04,79.17,19,5,50,1648794.8,562932.2,563536.43,10295465.41,0.1601,306307.35,28,24,10939.55,83.24,54,https://polymarket.com/profile/0x8c80d213c0cbad777d06ee3f58f6ca4bc03102c3
40,0x48ae93e59028f2c67e7535573b7359642f3a85c4,Noob12345,72.5,60.0,9,6,15,305848.45,0,0,1323080.49,0.2312,0.01,0,15,0,0,405,https://polymarket.com/profile/0x48ae93e59028f2c67e7535573b7359642f3a85c4
41,0x6777c03076a270c98357aa45731ce674e999a516,sdgfw3hdf,72.0,62.5,5,3,8,119620.34,0,0,1047841.34,0.1142,0.0,0,8,0,0,966,https://polymarket.com/profile/0x6777c03076a270c98357aa45731ce674e999a516
42,0xf1ffa0a8bc7cdeb0240027e623b026ced4d0e56a,0x2E9821a4234AG3,71.54,85.71,30,5,64,653339.61,0,0,7033858.6,0.0929,0.02,32,35,0.0,0,176,https://polymarket.com/profile/0xf1ffa0a8bc7cdeb0240027e623b026ced4d0e56a
43,0x4c9df37296cbf4399cad2283d3f3b8ef7e1668dc,0x4c9dF37296cbf4399CaD2283D3F3b8ef7E1668Dc-1738251871217,71.2,58.7,27,19,41,232818.08,0,0,2066775.82,0.1126,0.07,0,46,0,0,530,https://polymarket.com/profile/0x4c9df37296cbf4399cad2283d3f3b8ef7e1668dc
44,0x008bf350637ce1ea308b3622a0d44116f9f3b476,PollsR4Dummies,71.14,63.64,21,12,37,236352.14,0,0,1818550.95,0.13,19738.68,5,33,3947.72,90.62,521,https://polymarket.com/profile/0x008bf350637ce1ea308b3622a0d44116f9f3b476
45,0x15cb42216b270d1b2e6326b4c1c25045ad90e25f,xoxo2027,70.5,83.33,5,1,7,120785.0,0,0,609194.35,0.1983,0.04,1,6,0.0,0,959,https://polymarket.com/profile/0x15cb42216b270d1b2e6326b4c1c25045ad90e25f
46,0x7780e9f103f370a7a0351217501d99da178503ed,kindlydelta,70,81.82,9,2,11,119689.72,0,0,216663.19,0.5524,0.0,0,11,0,0,965,https://polymarket.com/profile/0x7780e9f103f370a7a0351217501d99da178503ed
47,0x19f19dd8ee1f7e5f6ec666987e2963a65971a9c6,RetamzZ,70,86.11,31,5,36,131432.66,0,0,549511.46,0.2392,0.0,0,36,0,0,891,https://polymarket.com/profile/0x19f19dd8ee1f7e5f6ec666987e2963a65971a9c6
48,0x4460bf2c0aa59db412a6493c2c08970797b62970,Bidou28old,70,86.0,43,7,49,116280.6,0,0,603497.11,0.1927,0.0,0,50,0,0,989,https://polymarket.com/profile/0x4460bf2c0aa59db412a6493c2c08970797b62970
49,0xce41369f5db6f155fb6d2ae31f6d57052904fa02,Gambler2026,70,88.57,31,4,33,307601.09,0,0,2163800.75,0.1422,0.1,0,35,0,0,401,https://polymarket.com/profile/0xce41369f5db6f155fb6d2ae31f6d57052904fa02
50,0x8e5c0cc55cda93d6cae14becb3b738a44dcaa68a,cocos228,69.98,65.71,23,12,36,524158.92,0,0,5924730.67,0.0885,76456.13,1,35,76456.1,100.0,235,https://polymarket.com/profile/0x8e5c0cc55cda93d6cae14becb3b738a44dcaa68a
51,0x1caa6a7ad0c6916aef7b67946de2e57ad24846a0,0x1caA6a7ad0c6916aeF7b67946De2e57Ad24846a0-1772054568088,69.17,66.67,2,1,4,494374.62,0,0,1413816.31,0.3497,0.0,1,3,0.0,0,248,https://polymarket.com/profile/0x1caa6a7ad0c6916aef7b67946de2e57ad24846a0
52,0x7dc64a570c7b76831cf25e31c526f2337a050fa2,hovan,69.17,66.67,2,1,4,412208.15,0,0,1296374.62,0.318,0.0,1,3,0.0,0,301,https://polymarket.com/profile/0x7dc64a570c7b76831cf25e31c526f2337a050fa2
53,0x0c0df2184722450cc75654eadea16421ce724dd3,oblivioncapital,69.12,66.67,2,1,4,142992.66,0,0,1433234.21,0.0998,0.01,1,3,0.0,0,829,https://polymarket.com/profile/0x0c0df2184722450cc75654eadea16421ce724dd3
54,0xb237caf99c01ead5c7984e9b3d99b271079604a1,podgies,69.0,83.33,5,1,6,170441.94,0,0,540581.98,0.3153,0.01,1,6,0.0,0,720,https://polymarket.com/profile/0xb237caf99c01ead5c7984e9b3d99b271079604a1
55,0x56813812fc837eedb614d8c231787f83a865e113,setsukoworldchampion2027,68.9,77.78,14,4,29,1291734.8,0,0,10820687.42,0.1194,0.0,13,18,0.0,0,74,https://polymarket.com/profile/0x56813812fc837eedb614d8c231787f83a865e113
56,0x3d1ecf16942939b3603c2539a406514a40b504d0,edenmoon,68.55,72.22,13,5,20,1739111.97,18954.64,14460.86,6725649.13,0.2586,72027.5,3,18,24009.17,54.71,50,https://polymarket.com/profile/0x3d1ecf16942939b3603c2539a406514a40b504d0
57,0x60c58f40b05649f76b82b71b29200c20b9251c09,xxuoops,68.27,72.73,8,3,9,233898.88,0,0,1258531.42,0.1859,15.0,1,11,15.0,100.0,528,https://polymarket.com/profile/0x60c58f40b05649f76b82b71b29200c20b9251c09
58,0x0b0e9d2a53682baec053b9c6ef1e4f02a15878dd,HurricaneIvan,67.54,58.0,29,21,50,361150.35,0,0,4239016.93,0.0852,0.02,0,50,0,0,340,https://polymarket.com/profile/0x0b0e9d2a53682baec053b9c6ef1e4f02a15878dd
59,0xe4e2b203b9d50dacc3e640e319df8b999164f26c,Ch5,67.5,80.0,40,10,50,134071.9,0,0,637982.77,0.2101,0.0,0,50,0,0,877,https://polymarket.com/profile/0xe4e2b203b9d50dacc3e640e319df8b999164f26c
60,0xd008786fad743d0d5c60f99bff5d90ebc212135d,VOLVOLVOL,67.5,75.0,6,2,18,127649.98,0,0,739921.08,0.1725,34491.85,10,8,3449.18,68.86,915,https://polymarket.com/profile/0xd008786fad743d0d5c60f99bff5d90ebc212135d
61,0x8861f0bb5e0c19474ba73beeadc13ed8915beed6,yjcr,67.5,71.74,33,13,48,1016042.52,0,0,8264687.86,0.1229,72911.88,4,46,18227.94,70.54,93,https://polymarket.com/profile/0x8861f0bb5e0c19474ba73beeadc13ed8915beed6
62,0xaba06aaf3d1fe58bb5a5e4b17856599f8e9552ca,azzzzzzzzz,67.49,60.87,14,9,17,119027.76,0,0,1245010.66,0.0956,50.0,1,23,50.0,100.0,973,https://polymarket.com/profile/0xaba06aaf3d1fe58bb5a5e4b17856599f8e9552ca
63,0xbe195349beb0b8572991469ff9f64a3f1ef6eeb9,odsxii,66.81,51.52,17,16,22,138117.54,0,0,1643040.36,0.0841,0.0,4,33,0.0,0,854,https://polymarket.com/profile/0xbe195349beb0b8572991469ff9f64a3f1ef6eeb9
64,0x083c9431a63488e5b2ac93449b1c18e9fd023f02,yhxse,66.34,62.0,31,19,61,111844.75,0,0,1327998.05,0.0842,40.29,16,50,2.52,100.0,1022,https://polymarket.com/profile/0x083c9431a63488e5b2ac93449b1c18e9fd023f02
65,0x124f7b74916d41460dc3dfefa0e5ef4b14783661,Mlemnonny123,66.0,80.0,8,2,9,185751.39,0,0,621753.65,0.2988,0.01,0,10,0,0,668,https://polymarket.com/profile/0x124f7b74916d41460dc3dfefa0e5ef4b14783661
66,0xe55108581aec68af7686bd4cbc4f53ef93680a67,NeverYES,65.55,78.57,11,3,20,118040.36,0,0,847190.01,0.1393,66318.73,6,14,11053.1,46.76,979,https://polymarket.com/profile/0xe55108581aec68af7686bd4cbc4f53ef93680a67
67,0x38745db27f7360a287f6ca3c9b6a6a9c76149801,Planktonbets,65.5,50.0,2,2,7,173906.68,0,0,255055.3,0.6818,0.0,3,4,0.0,0,711,https://polymarket.com/profile/0x38745db27f7360a287f6ca3c9b6a6a9c76149801
68,0x0afc7ce56285bde1fbe3a75efaffdfc86d6530b2,Rundeep,65.5,85.71,6,1,7,154219.37,0,0,507793.46,0.3037,0.02,0,7,0,0,785,https://polymarket.com/profile/0x0afc7ce56285bde1fbe3a75efaffdfc86d6530b2
69,0xf9f5581d4d7a599b8e2f8d1b1b0e29ca0218227a,Alhambra1,65.5,50.0,2,2,7,719016.98,0,0,2449451.96,0.2935,0.0,3,4,0.0,0,154,https://polymarket.com/profile/0xf9f5581d4d7a599b8e2f8d1b1b0e29ca0218227a
70,0x88be0553c9de90db290d925c51a8f1062be2652d,chachakk,65.14,57.14,4,3,7,125878.87,0,0,402527.77,0.3127,0.0,0,7,0,0,921,https://polymarket.com/profile/0x88be0553c9de90db290d925c51a8f1062be2652d
71,0x67327ef4880d4050ead195ca23203c61d8c1d7f0,latinalover77,65,87.5,7,1,11,172906.42,0,0,386883.86,0.4469,1897.43,3,8,632.47,95.99,715,https://polymarket.com/profile/0x67327ef4880d4050ead195ca23203c61d8c1d7f0
72,0x25e64cd559e8c46a888d8ebfa47d4490e810cc9f,lsck,65,50.0,6,6,12,624754.3,0,0,1787005.22,0.3496,0.03,0,12,0,0,186,https://polymarket.com/profile/0x25e64cd559e8c46a888d8ebfa47d4490e810cc9f
73,0x09d3273fa76282ce09f4f35a87d6f087c05f4e84,fuego66,65,83.33,5,1,11,338734.46,0,0,1258655.64,0.2691,0.05,5,6,0.01,100.0,363,https://polymarket.com/profile/0x09d3273fa76282ce09f4f35a87d6f087c05f4e84
74,0x71fc2824003cd203a9509174a95302158466171a,YLnas,65,83.33,10,2,21,147704.95,0,0,659681.64,0.2239,22.79,9,12,2.53,100.0,809,https://polymarket.com/profile/0x71fc2824003cd203a9509174a95302158466171a
75,0xf32898291d309e3c5e499c85ddd03a13268c219c,Ktulhu,65,83.33,10,2,18,112984.56,0,0,563203.14,0.2006,221.87,8,12,27.73,81.27,1016,https://polymarket.com/profile/0xf32898291d309e3c5e499c85ddd03a13268c219c
76,0xb8cd777114b6cc4d488e79eff1fef91e1c521f4b,MNBBBB,65,50.0,9,9,15,113141.23,0,0,694570.46,0.1629,0.0,0,18,0,0,1015,https://polymarket.com/profile/0xb8cd777114b6cc4d488e79eff1fef91e1c521f4b
77,0x3e1ff025f823f4c5e8175dab9144465d8ceb8643,Koha92,65,85.71,12,2,21,157924.2,0,0,1437504.23,0.1099,61491.63,8,14,7686.45,100.0,769,https://polymarket.com/profile/0x3e1ff025f823f4c5e8175dab9144465d8ceb8643
78,0x332f6e6b727c5737daf97cb9a032883eda341ee8,jackcartwright,65,90.0,45,5,94,177833.31,0,0,1674069.59,0.1062,4090.19,50,50,81.8,73.65,697,https://polymarket.com/profile/0x332f6e6b727c5737daf97cb9a032883eda341ee8
79,0x498916263b7c546e0c40be481107569d47e648c8,username136,64.0,50.0,2,2,6,125700.12,0,0,227672.34,0.5521,0.0,2,4,0.0,0,922,https://polymarket.com/profile/0x498916263b7c546e0c40be481107569d47e648c8
80,0x0c8bc7db08d5fa2ceedb919c6a2d6ab60b7823de,flowjj,64.0,83.33,5,1,6,308258.21,0,0,1092280.14,0.2822,0.0,0,6,0,0,400,https://polymarket.com/profile/0x0c8bc7db08d5fa2ceedb919c6a2d6ab60b7823de
81,0xbb903888f2d952a1845c90142267c61b4926ad7f,testocn,64.0,83.33,5,1,6,282975.1,0,0,2225103.8,0.1272,0.02,0,6,0,0,430,https://polymarket.com/profile/0xbb903888f2d952a1845c90142267c61b4926ad7f
82,0xbc43a2f0deb85ba4ad316300762972089c911540,westminster,63.09,79.41,27,7,36,139598.34,0,0,926739.18,0.1506,22925.04,3,34,7641.67,73.17,848,https://polymarket.com/profile/0xbc43a2f0deb85ba4ad316300762972089c911540
83,0xb30fe15964655f469c29a0b7b7a7305ff02a9505,Tylersbathtime,62.97,84.62,22,4,27,264275.41,0,0,2940614.9,0.0899,1643.21,1,26,1643.19,100.0,459,https://polymarket.com/profile/0xb30fe15964655f469c29a0b7b7a7305ff02a9505
84,0x02d5f92b780ec7c98d7ad0624ff017f7ae4688c7,hominylute,61.7,54.17,13,11,23,894953.63,0,0,8303489.08,0.1078,0.0,0,24,0,0,117,https://polymarket.com/profile/0x02d5f92b780ec7c98d7ad0624ff017f7ae4688c7
85,0xba664f999a18dce0aac6af698af434924a24f59d,bizyugo,61.38,84.0,21,4,30,1455390.38,0,0,8615352.76,0.1689,244327.57,5,25,48865.51,85.41,64,https://polymarket.com/profile/0xba664f999a18dce0aac6af698af434924a24f59d
86,0xa3d48312c4c35c66752b19670fefbd2f18419969,Maratk87,61.22,0,0,0,5,134086.76,135593.79,134086.76,572081.12,0.2344,224460.58,5,0,44892.12,42.56,876,https://polymarket.com/profile/0xa3d48312c4c35c66752b19670fefbd2f18419969
87,0xed2239a9150c3920000d0094d28fa51c7db03dd0,Michie,60.71,73.33,11,4,13,3095007.67,0,0,8451753.19,0.3662,0.0,1,15,0.0,0,27,https://polymarket.com/profile/0xed2239a9150c3920000d0094d28fa51c7db03dd0
88,0x7058c8a7cec79010b1927d05837dcf25f1a53505,deetown,60.63,66.67,6,3,9,1849974.96,0,0,7039312.41,0.2628,0.0,0,9,0,0,45,https://polymarket.com/profile/0x7058c8a7cec79010b1927d05837dcf25f1a53505
89,0x0562c423912e325f83fa79df55085979e1f5594f,trezorisbest,60.45,63.16,12,7,19,1900869.1,0,0,5209698.32,0.3649,0.0,0,19,0,0,43,https://polymarket.com/profile/0x0562c423912e325f83fa79df55085979e1f5594f
90,0x56687bf447db6ffa42ffe2204a05edaa20f55839,Theo4,60,81.82,18,4,14,22053933.75,0,0,43251303.17,0.5099,0.01,0,22,0,0,278,https://polymarket.com/profile/0x56687bf447db6ffa42ffe2204a05edaa20f55839
91,0x8119010a6e589062aa03583bb3f39ca632d9f887,PrincessCaro,60,80.95,17,4,14,6083643.1,0,0,23538735.4,0.2585,0.0,0,21,0,0,580,https://polymarket.com/profile/0x8119010a6e589062aa03583bb3f39ca632d9f887
92,0xcf4049c4f25447df4ef791a585675b962ad187de,om777,60,95.0,19,1,34,151865.88,13258.78,13258.78,805640.68,0.1885,0.01,14,20,0.0,0,791,https://polymarket.com/profile/0xcf4049c4f25447df4ef791a585675b962ad187de
93,0xc6174a742b2926f00e683828019cef708ff9cd8e,0xc6174a742B2926f00E683828019CEF708ff9cd8E-1762579911011,60,47.62,10,11,22,168130.99,0,0,930492.49,0.1807,0.01,1,21,0.0,0,724,https://polymarket.com/profile/0xc6174a742b2926f00e683828019cef708ff9cd8e
94,0x4df81d35f375124a59da17c91036d484261d1393,Zboub,60,26.67,4,11,15,149021.31,0,0,917552.12,0.1624,0.0,1,15,0.0,0,801,https://polymarket.com/profile/0x4df81d35f375124a59da17c91036d484261d1393
95,0xaaab8bf3bd469688d5e09bffeae8f8bf780a8eb2,022221,60,42.86,3,4,10,645642.29,0,0,4568100.34,0.1413,0.01,3,7,0.0,0,179,https://polymarket.com/profile/0xaaab8bf3bd469688d5e09bffeae8f8bf780a8eb2
96,0xdb2223cc5202a4718c3069f577ec971f71c96478,FTWUTB,60,100.0,43,0,75,464338.52,492809.97,373471.57,4468737.02,0.1039,0.0,32,43,0.0,0,267,https://polymarket.com/profile/0xdb2223cc5202a4718c3069f577ec971f71c96478
97,0x630e844afb1297c7aece83a60f4f921b972c2f2f,WildRumpus,60,32.14,9,19,31,115919.44,0,0,1159024.51,0.1,0.02,6,28,0.0,0,991,https://polymarket.com/profile/0x630e844afb1297c7aece83a60f4f921b972c2f2f
98,0xe2cf7f3715640bdda625974ab3d3c83495edd1e7,3111111111111333333333313,58.95,100.0,50,0,80,252527.91,166649.55,118445.02,2664902.72,0.0948,0.28,30,50,0.0,0,483,https://polymarket.com/profile/0xe2cf7f3715640bdda625974ab3d3c83495edd1e7
99,0x4dfd481c16d9995b809780fd8a9808e8689f6e4a,Magamyman,57.74,100.0,50,0,67,798658.68,24113.71,24359.34,4643779.46,0.172,164661.91,19,50,8666.42,34.53,140,https://polymarket.com/profile/0x4dfd481c16d9995b809780fd8a9808e8689f6e4a
100,0x916f7165c2c836aba22edb6453cdbb5f3ea253ba,WoofMaster,57.72,100.0,38,0,68,1020631.23,571304.86,221291.07,7280730.35,0.1402,0.0,30,38,0.0,0,92,https://polymarket.com/profile/0x916f7165c2c836aba22edb6453cdbb5f3ea253ba
